position,support,accuracy
1,200,0.99000000
2,200,0.99000000
3,200,0.98000000
4,200,0.98000000
5,200,0.99000000
6,200,0.98500000
